id,grip,action,max_beta_deg_above15,peak_speed_ms,exit_speed_ms,distance_m,first_beta15_s,completed
TESTAROSSA,1,holdCoast,1.9350141,28.867268,24.846533,120.56469,,true
TESTAROSSA,1,holdBrake25,2.6533323,27.095452,9.9237326,85.797902,,true
TESTAROSSA,1,holdBrake50,4.809243,24.701833,0.002706535,53.166689,,true
TESTAROSSA,1,holdBrake100,22.664457,15.055324,2.674531e-05,30.937282,0.55833333,true
TESTAROSSA,1,releaseCoast,2.1381435,28.809032,27.301962,126.24445,,true
TESTAROSSA,1,releaseBrake,2.2442638,28.264987,8.0145604e-06,30.421118,,true
TESTAROSSA,1,delayedReleaseBrake,11.436597,22.912241,1.3421361e-05,30.618053,,true
TESTAROSSA,1,counterPulseBrake,7.2707452,22.694914,8.4606879e-06,30.448938,,true
TESTAROSSA,1,reverseCoast,2.3808311,28.48144,24.903924,120.84501,,true
TESTAROSSA,1,reverseBrake,17.837672,15.06931,3.0373807e-05,30.983281,0.73333333,true
TESTAROSSA,0.25,holdCoast,14.725975,26.27505,24.285871,120.87521,,true
TESTAROSSA,0.25,holdBrake25,60.238587,17.634376,14.862739,101.97012,1.0833333,true
TESTAROSSA,0.25,holdBrake50,60.238587,17.634376,14.862739,101.97012,1.0833333,true
TESTAROSSA,0.25,holdBrake100,60.238587,17.634376,14.862739,101.97012,1.0833333,true
TESTAROSSA,0.25,releaseCoast,4.9302688,29.120672,27.575205,127.52933,,true
TESTAROSSA,0.25,releaseBrake,5.1056397,28.616853,2.3984039,72.951534,,true
TESTAROSSA,0.25,delayedReleaseBrake,7.7798018,27.780305,3.9443506,79.136016,,true
TESTAROSSA,0.25,counterPulseBrake,5.1497597,28.717621,3.0234916,75.499072,,true
TESTAROSSA,0.25,reverseCoast,40.919815,25.254288,21.664691,115.40845,0.95,true
TESTAROSSA,0.25,reverseBrake,78.633052,17.162592,12.006398,95.221357,0.91666667,true
911_TURBO_3_3,1,holdCoast,2.137353,28.777984,24.552419,119.71057,,true
911_TURBO_3_3,1,holdBrake25,2.9382577,27.186561,12.081174,90.504458,,true
911_TURBO_3_3,1,holdBrake50,5.4583218,24.913446,0.057585493,61.46315,,true
911_TURBO_3_3,1,holdBrake100,28.02022,15.040635,0.00013367839,33.663087,0.53333333,true
911_TURBO_3_3,1,releaseCoast,2.3147659,28.737063,27.119041,125.64785,,true
911_TURBO_3_3,1,releaseBrake,2.4107035,28.277458,0.00016327207,35.671806,,true
911_TURBO_3_3,1,delayedReleaseBrake,12.067824,23.349058,9.5194687e-05,35.128771,,true
911_TURBO_3_3,1,counterPulseBrake,8.0810744,23.206376,0.0001083191,35.224751,,true
911_TURBO_3_3,1,reverseCoast,2.6981517,28.380784,24.605461,119.9731,,true
911_TURBO_3_3,1,reverseBrake,23.872315,15.099883,8.4200448e-05,34.125627,0.63333333,true
911_TURBO_3_3,0.25,holdCoast,14.953805,26.249043,24.064478,120.16164,,true
911_TURBO_3_3,0.25,holdBrake25,61.253261,18.054865,14.504325,101.13232,0.98333333,true
911_TURBO_3_3,0.25,holdBrake50,61.253846,18.054463,14.503983,101.13105,0.98333333,true
911_TURBO_3_3,0.25,holdBrake100,61.253846,18.054463,14.503983,101.13105,0.98333333,true
911_TURBO_3_3,0.25,releaseCoast,5.2091526,29.065299,27.411702,127.03123,,true
911_TURBO_3_3,0.25,releaseBrake,5.4064177,28.551449,2.4120304,73.027081,,true
911_TURBO_3_3,0.25,delayedReleaseBrake,8.392887,27.685248,4.0299725,79.440141,,true
911_TURBO_3_3,0.25,counterPulseBrake,5.4360145,28.663817,3.0375319,75.565008,,true
911_TURBO_3_3,0.25,reverseCoast,41.796182,25.094312,21.372433,114.48117,0.93333333,true
911_TURBO_3_3,0.25,reverseBrake,83.709308,16.774156,11.31171,94.208194,0.88333333,true
CORVETTE_C4,1,holdCoast,1.8814778,28.745369,24.43889,119.47725,,true
CORVETTE_C4,1,holdBrake25,2.6063481,27.207158,12.863544,92.401811,,true
CORVETTE_C4,1,holdBrake50,5.6579706,24.750724,1.1626511,65.327412,,true
CORVETTE_C4,1,holdBrake100,29.181854,15.069613,0.0003183202,36.576388,0.54166667,true
CORVETTE_C4,1,releaseCoast,2.2792763,28.737302,27.32781,126.15006,,true
CORVETTE_C4,1,releaseBrake,2.4104326,28.167703,0.00034237781,38.254139,,true
CORVETTE_C4,1,delayedReleaseBrake,12.858437,23.461186,0.00035578155,38.068305,,true
CORVETTE_C4,1,counterPulseBrake,8.6657477,23.230988,0.00035737452,38.038543,,true
CORVETTE_C4,1,reverseCoast,2.5324071,28.363831,24.499431,119.77507,,true
CORVETTE_C4,1,reverseBrake,26.228363,15.060442,0.00035637322,37.04963,0.63333333,true
CORVETTE_C4,0.25,holdCoast,14.288372,26.760469,24.783868,121.73894,,true
CORVETTE_C4,0.25,holdBrake25,56.958295,18.747133,15.65998,102.80358,1.0333333,true
CORVETTE_C4,0.25,holdBrake50,56.958368,18.747092,15.659944,102.80344,1.0333333,true
CORVETTE_C4,0.25,holdBrake100,56.958368,18.747092,15.659944,102.80344,1.0333333,true
CORVETTE_C4,0.25,releaseCoast,5.2465995,29.126808,27.685326,127.82169,,true
CORVETTE_C4,0.25,releaseBrake,5.5177715,28.434282,2.4046073,72.899447,,true
CORVETTE_C4,0.25,delayedReleaseBrake,8.4853111,27.507006,3.9213433,78.937839,,true
CORVETTE_C4,0.25,counterPulseBrake,5.58075,28.647773,3.1067893,75.771899,,true
CORVETTE_C4,0.25,reverseCoast,41.598806,25.783468,22.591943,117.09975,0.94166667,true
CORVETTE_C4,0.25,reverseBrake,76.860105,18.360823,13.175513,96.940149,0.91666667,true
GOLF_GTI_16V,1,holdCoast,1.7304649,28.542502,23.536499,116.82771,,true
GOLF_GTI_16V,1,holdBrake25,3.1395936,26.830233,12.743398,91.393189,,true
GOLF_GTI_16V,1,holdBrake50,15.167274,21.91841,0.94151393,62.668515,0.89166667,true
GOLF_GTI_16V,1,holdBrake100,50.080156,15.084444,0.00020324222,35.626242,0.44166667,true
GOLF_GTI_16V,1,releaseCoast,2.2641078,28.490687,26.765644,124.34732,,true
GOLF_GTI_16V,1,releaseBrake,2.4818163,27.803117,0.00033997293,40.272332,,true
GOLF_GTI_16V,1,delayedReleaseBrake,21.982329,22.596441,0.00056252566,41.033623,0.425,true
GOLF_GTI_16V,1,counterPulseBrake,12.733575,23.036532,0.00052574838,40.950499,,true
GOLF_GTI_16V,1,reverseCoast,2.5286224,28.053152,23.605693,117.17261,,true
GOLF_GTI_16V,1,reverseBrake,47.863332,15.010489,0.00031616287,37.004713,0.55,true
GOLF_GTI_16V,0.25,holdCoast,13.471547,27.14419,24.872408,120.91932,,true
GOLF_GTI_16V,0.25,holdBrake25,55.260773,20.496026,16.019796,101.56692,0.825,true
GOLF_GTI_16V,0.25,holdBrake50,55.260843,20.496004,16.019788,101.56683,0.825,true
GOLF_GTI_16V,0.25,holdBrake100,55.260843,20.496004,16.019788,101.56683,0.825,true
GOLF_GTI_16V,0.25,releaseCoast,6.0560066,28.950227,27.177395,126.29458,,true
GOLF_GTI_16V,0.25,releaseBrake,6.5686175,27.96369,1.9842393,71.163551,,true
GOLF_GTI_16V,0.25,delayedReleaseBrake,10.664713,26.79396,3.4624568,77.045941,,true
GOLF_GTI_16V,0.25,counterPulseBrake,6.5544872,28.416654,2.7550221,74.349309,,true
GOLF_GTI_16V,0.25,reverseCoast,41.824098,26.254053,23.296344,117.22022,0.85,true
GOLF_GTI_16V,0.25,reverseBrake,76.617316,19.847398,14.130581,96.573503,0.85833333,true
DELTA_HF_INTEGRALE,1,holdCoast,1.796183,28.692092,23.961526,118.07132,,true
DELTA_HF_INTEGRALE,1,holdBrake25,3.0470265,27.043907,12.174716,90.364008,,true
DELTA_HF_INTEGRALE,1,holdBrake50,13.910661,21.715312,0.07014794,59.420934,,true
DELTA_HF_INTEGRALE,1,holdBrake100,47.796646,15.059623,4.1763126e-05,35.105034,0.43333333,true
DELTA_HF_INTEGRALE,1,releaseCoast,2.1847383,28.608287,27.024182,125.1876,,true
DELTA_HF_INTEGRALE,1,releaseBrake,2.3932897,27.946567,0.00012578429,37.930969,,true
DELTA_HF_INTEGRALE,1,delayedReleaseBrake,19.572189,23.083298,0.00016486012,38.997302,0.425,true
DELTA_HF_INTEGRALE,1,counterPulseBrake,11.394766,23.237057,0.00015642154,38.740515,,true
DELTA_HF_INTEGRALE,1,reverseCoast,2.4236121,28.230659,24.031927,118.41828,,true
DELTA_HF_INTEGRALE,1,reverseBrake,42.619318,15.082934,4.7432744e-06,36.404062,0.55,true
DELTA_HF_INTEGRALE,0.25,holdCoast,13.79159,27.200871,24.940205,121.20157,,true
DELTA_HF_INTEGRALE,0.25,holdBrake25,56.583499,20.521457,15.940622,101.61988,0.80833333,true
DELTA_HF_INTEGRALE,0.25,holdBrake50,56.583499,20.521457,15.940622,101.61988,0.80833333,true
DELTA_HF_INTEGRALE,0.25,holdBrake100,56.583499,20.521457,15.940622,101.61988,0.80833333,true
DELTA_HF_INTEGRALE,0.25,releaseCoast,6.1269442,29.024154,27.393985,126.92902,,true
DELTA_HF_INTEGRALE,0.25,releaseBrake,6.5490703,28.199741,2.16074,71.894904,,true
DELTA_HF_INTEGRALE,0.25,delayedReleaseBrake,10.49249,27.153583,3.6756275,77.921591,,true
DELTA_HF_INTEGRALE,0.25,counterPulseBrake,6.555404,28.522696,2.9201243,75.017888,,true
DELTA_HF_INTEGRALE,0.25,reverseCoast,42.855527,26.250058,23.179041,116.96101,0.825,true
DELTA_HF_INTEGRALE,0.25,reverseBrake,79.502028,19.601713,13.642229,95.774915,0.825,true
VFR750R,1,holdCoast,2.9311493,27.84518,21.259012,109.64082,,true
VFR750R,1,holdBrake25,21.068925,23.960412,8.2161856,75.514745,0.45833333,true
VFR750R,1,holdBrake50,62.429237,18.307594,0.00098616987,38.151383,0.325,true
VFR750R,1,holdBrake100,108.15015,15.062151,0.00025474212,29.861284,0.31666667,true
VFR750R,1,releaseCoast,2.9311493,27.84518,24.607022,117.59773,,true
VFR750R,1,releaseBrake,3.0683557,27.290884,0.049002573,49.403644,,true
VFR750R,1,delayedReleaseBrake,75.283026,18.497521,0.0043517899,35.692161,0.31666667,true
VFR750R,1,counterPulseBrake,67.759469,17.433031,0.0050247714,38.696105,0.4,true
VFR750R,1,reverseCoast,4.7134325,27.15321,21.2811,109.77797,,true
VFR750R,1,reverseBrake,110.64352,15.114287,0.00085908181,31.167967,0.40833333,true
VFR750R,0.25,holdCoast,14.246819,27.002924,22.863782,114.23369,,true
VFR750R,0.25,holdBrake25,59.14105,21.976321,13.663058,93.919788,0.375,true
VFR750R,0.25,holdBrake50,59.141495,21.976225,13.123406,93.560029,0.375,true
VFR750R,0.25,holdBrake100,59.141495,21.976225,13.076218,93.513008,0.375,true
VFR750R,0.25,releaseCoast,10.321325,28.180981,24.936058,119.27955,,true
VFR750R,0.25,releaseBrake,14.388723,24.660147,1.6279538,69.067327,,true
VFR750R,0.25,delayedReleaseBrake,60.005363,17.085299,6.6847455,79.153867,0.375,true
VFR750R,0.25,counterPulseBrake,10.945034,27.736759,2.0407729,71.1745,,true
VFR750R,0.25,reverseCoast,52.881223,25.019866,19.819666,106.99482,0.63333333,true
VFR750R,0.25,reverseBrake,112.01914,18.374075,9.5553215,84.424851,0.66666667,true
R80_GS_PARIS_DAKAR,1,holdCoast,2.7789721,27.366298,20.23451,106.04659,,true
R80_GS_PARIS_DAKAR,1,holdBrake25,25.796208,22.78589,6.8206753,70.33126,0.475,true
R80_GS_PARIS_DAKAR,1,holdBrake50,63.343837,17.852419,0.059957354,38.127582,0.35833333,true
R80_GS_PARIS_DAKAR,1,holdBrake100,107.86794,15.006408,0.027015027,29.854309,0.35,true
R80_GS_PARIS_DAKAR,1,releaseCoast,2.9357692,27.274518,23.224434,113.3103,,true
R80_GS_PARIS_DAKAR,1,releaseBrake,3.1135758,26.821508,0.14905773,52.498169,,true
R80_GS_PARIS_DAKAR,1,delayedReleaseBrake,66.527053,17.44994,0.072839596,38.929495,0.35,true
R80_GS_PARIS_DAKAR,1,counterPulseBrake,61.66793,15.353653,0.075994931,41.755673,0.43333333,true
R80_GS_PARIS_DAKAR,1,reverseCoast,4.3506972,26.58649,20.258992,106.19892,,true
R80_GS_PARIS_DAKAR,1,reverseBrake,110.40485,15.029505,0.03183475,31.210261,0.43333333,true
R80_GS_PARIS_DAKAR,0.25,holdCoast,13.635084,26.189251,21.586759,109.94622,,true
R80_GS_PARIS_DAKAR,0.25,holdBrake25,62.732344,20.563939,12.224895,88.917543,0.43333333,true
R80_GS_PARIS_DAKAR,0.25,holdBrake50,62.732347,20.563938,11.240349,88.51398,0.43333333,true
R80_GS_PARIS_DAKAR,0.25,holdBrake100,62.732347,20.563938,11.221541,88.512706,0.43333333,true
R80_GS_PARIS_DAKAR,0.25,releaseCoast,9.5197884,27.664901,23.512185,114.84379,,true
R80_GS_PARIS_DAKAR,0.25,releaseBrake,14.463025,22.525748,0.92898204,65.820628,,true
R80_GS_PARIS_DAKAR,0.25,delayedReleaseBrake,62.260911,15.601831,5.7542931,75.472341,0.425,true
R80_GS_PARIS_DAKAR,0.25,counterPulseBrake,10.020802,27.212273,1.120295,67.350809,,true
R80_GS_PARIS_DAKAR,0.25,reverseCoast,50.144421,24.080594,18.813522,103.08274,0.675,true
R80_GS_PARIS_DAKAR,0.25,reverseBrake,118.46704,16.493605,8.4355483,79.651104,0.69166667,true
FXRT_SPORT_GLIDE,1,holdCoast,2.6786267,27.538807,20.583852,107.19461,,true
FXRT_SPORT_GLIDE,1,holdBrake25,26.465867,22.207923,5.0570322,66.45528,0.49166667,true
FXRT_SPORT_GLIDE,1,holdBrake50,69.379673,16.600424,0.0027145462,34.683772,0.36666667,true
FXRT_SPORT_GLIDE,1,holdBrake100,119.2282,15.018785,0.0028441683,28.695123,0.35833333,true
FXRT_SPORT_GLIDE,1,releaseCoast,2.8048444,27.41583,23.525316,114.31753,,true
FXRT_SPORT_GLIDE,1,releaseBrake,2.9412739,26.959958,0.075790394,44.258036,,true
FXRT_SPORT_GLIDE,1,delayedReleaseBrake,73.159002,15.329147,0.032096915,35.206694,0.35,true
FXRT_SPORT_GLIDE,1,counterPulseBrake,65.277319,15.146371,0.02808711,37.667403,0.43333333,true
FXRT_SPORT_GLIDE,1,reverseCoast,4.0314898,26.782931,20.61735,107.38851,,true
FXRT_SPORT_GLIDE,1,reverseBrake,120.01133,15.018449,0.0042575341,30.02522,0.425,true
FXRT_SPORT_GLIDE,0.25,holdCoast,13.791905,26.17803,21.87063,110.70299,,true
FXRT_SPORT_GLIDE,0.25,holdBrake25,62.38894,20.371699,12.284611,89.816587,0.46666667,true
FXRT_SPORT_GLIDE,0.25,holdBrake50,62.38894,20.371699,11.840186,89.60941,0.46666667,true
FXRT_SPORT_GLIDE,0.25,holdBrake100,62.38894,20.371699,11.840186,89.60941,0.46666667,true
FXRT_SPORT_GLIDE,0.25,releaseCoast,9.1639869,27.791187,23.808265,115.80997,,true
FXRT_SPORT_GLIDE,0.25,releaseBrake,9.696651,26.880149,0.45340769,64.977488,,true
FXRT_SPORT_GLIDE,0.25,delayedReleaseBrake,19.626739,23.132707,2.5662584,72.256658,0.46666667,true
FXRT_SPORT_GLIDE,0.25,counterPulseBrake,9.543248,27.382439,1.2419164,68.181407,,true
FXRT_SPORT_GLIDE,0.25,reverseCoast,51.285064,24.157512,19.009719,103.72126,0.66666667,true
FXRT_SPORT_GLIDE,0.25,reverseBrake,117.80344,16.479773,8.4438594,80.293036,0.675,true
PX200E_ARCOBALENO,1,holdCoast,2.8939384,26.981575,19.144754,102.32468,,true
PX200E_ARCOBALENO,1,holdBrake25,23.336349,22.558362,7.3954994,70.646783,0.5,true
PX200E_ARCOBALENO,1,holdBrake50,62.608867,17.933508,0.10370691,38.420277,0.35833333,true
PX200E_ARCOBALENO,1,holdBrake100,105.73188,15.140828,0.034994996,29.281513,0.34166667,true
PX200E_ARCOBALENO,1,releaseCoast,2.9393635,26.863788,22.095442,109.60364,,true
PX200E_ARCOBALENO,1,releaseBrake,2.9863565,26.657234,0.20382421,49.591889,,true
PX200E_ARCOBALENO,1,delayedReleaseBrake,62.006155,17.211471,0.091739848,38.422403,0.34166667,true
PX200E_ARCOBALENO,1,counterPulseBrake,54.517562,16.523943,0.085527336,40.694153,0.4,true
PX200E_ARCOBALENO,1,reverseCoast,4.4777031,26.135652,19.169903,102.48208,,true
PX200E_ARCOBALENO,1,reverseBrake,109.48842,15.11442,0.032490792,30.182118,0.4,true
PX200E_ARCOBALENO,0.25,holdCoast,14.076751,25.808818,20.29865,106.03367,,true
PX200E_ARCOBALENO,0.25,holdBrake25,61.144315,20.341255,11.326737,85.76908,0.38333333,true
PX200E_ARCOBALENO,0.25,holdBrake50,61.144315,20.341255,10.122618,84.975555,0.38333333,true
PX200E_ARCOBALENO,0.25,holdBrake100,61.144315,20.341255,10.054024,84.938454,0.38333333,true
PX200E_ARCOBALENO,0.25,releaseCoast,10.703701,27.203766,22.336667,110.94475,,true
PX200E_ARCOBALENO,0.25,releaseBrake,12.220175,23.224699,0.15230765,61.563667,,true
PX200E_ARCOBALENO,0.25,delayedReleaseBrake,30.86457,15.006918,3.3526993,69.467817,0.38333333,true
PX200E_ARCOBALENO,0.25,counterPulseBrake,13.783181,22.097121,0.54922412,64.982182,,true
PX200E_ARCOBALENO,0.25,reverseCoast,56.952648,23.113444,16.687579,96.995574,0.6,true
PX200E_ARCOBALENO,0.25,reverseBrake,134.22431,16.10098,7.486421,76.024887,0.61666667,true
